{
  "project_info": {
    "project_number": "395919917946",
    "project_id": "maestrodelivery-1617869863281",
    "storage_bucket": "maestrodelivery-1617869863281.appspot.com"
  },
  "client": [
    {
      "client_info": {
        "mobilesdk_app_id": "1:395919917946:android:9d44a4b218f7898bbbccc3",
        "android_client_info": {
          "package_name": "com.subhajit.maestrodelivery"
        }
      },
      "oauth_client": [
        {
          "client_id": "395919917946-slj0igegnrln9psndqih5ss0f2susrip.apps.googleusercontent.com",
          "client_type": 1,
          "android_info": {
            "package_name": "com.subhajit.maestrodelivery",
            "certificate_hash": "234274b7f47cd125a1f6ca0f52cd22c842b232b1"
          }
        },
        {
          "client_id": "395919917946-0fa4b8jcgvanar1ovn12s5b6hqgr89rf.apps.googleusercontent.com",
          "client_type": 3
        }
      ],
      "api_key": [
        {
          "current_key": "AIzaSyDAWdaxOFPqdJhdbmMoMtdodM8qcUQxdis"
        }
      ],
      "services": {
        "appinvite_service": {
          "other_platform_oauth_client": [
            {
              "client_id": "395919917946-0fa4b8jcgvanar1ovn12s5b6hqgr89rf.apps.googleusercontent.com",
              "client_type": 3
            }
          ]
        }
      }
    }
  ],
  "configuration_version": "1"
}