{
  "project_info": {
    "project_number": "396238793131",
    "firebase_url": "https://ledgerproject-aac89-default-rtdb.firebaseio.com",
    "project_id": "ledgerproject-aac89",
    "storage_bucket": "ledgerproject-aac89.appspot.com"
  },
  "client": [
    {
      "client_info": {
        "mobilesdk_app_id": "1:396238793131:android:c6fd6472bdcf66c9ee4aee",
        "android_client_info": {
          "package_name": "com.sourav.ledgerproject"
        }
      },
      "oauth_client": [
        {
          "client_id": "396238793131-f2heche0mer90mq506m0l4joaflqfj9f.apps.googleusercontent.com",
          "client_type": 3
        }
      ],
      "api_key": [
        {
          "current_key": "AIzaSyAe9aIrFmMM6f5D_ncF3cl0nLqNaaZVPa0"
        }
      ],
      "services": {
        "appinvite_service": {
          "other_platform_oauth_client": [
            {
              "client_id": "396238793131-f2heche0mer90mq506m0l4joaflqfj9f.apps.googleusercontent.com",
              "client_type": 3
            }
          ]
        }
      }
    }
  ],
  "configuration_version": "1"
}